modality,backbone,method,img_index,pred_class,conf0,AUC_del,AUC_ins,F,delta_faith,DA_hit,rho
BUS-BRA,EfficientNetB4,Grad-CAM,327,0,0.8077194094657898,0.16121468544006354,0.780079723894596,0.6188650384545324,0.4511505365371704,1,0.045217941954283136
BUS-BRA,EfficientNetB4,Integrated Gradients,327,0,0.8077194094657898,0.11538971662521363,0.29295919537544246,0.17756947875022883,0.8050704598426819,1,0.06986516166068002
BUS-BRA,EfficientNetB4,SHAP,327,0,0.8077194094657898,0.11251824051141739,0.19496065527200696,0.08244241476058957,0.690011739730835,1,0.22835220512431548
BUS-BRA,EfficientNetB4,Score-CAM,327,0,0.8077194094657898,0.6655310332775116,0.27715064436197273,-0.3883803889155389,0.04182004928588867,1,0.1520359005585221
BUS-BRA,EfficientNetB4,Grad-CAM,33,0,0.9637759327888489,0.6252186492085459,0.8650589689612389,0.23984031975269304,-0.0014837384223937988,0,0.06375130443656384
BUS-BRA,EfficientNetB4,Integrated Gradients,33,0,0.9637759327888489,0.27016222923994065,0.5176477029919624,0.24748547375202173,0.6117852926254272,1,0.07327470013418115
BUS-BRA,EfficientNetB4,SHAP,33,0,0.9637759327888489,0.4538395762443542,0.5004948928952216,0.04665531665086742,0.2052873969078064,1,0.03849928262652586
BUS-BRA,EfficientNetB4,Score-CAM,33,0,0.9637759327888489,0.8848836809396743,0.6701434925198555,-0.2147401884198188,-0.013090431690216064,0,0.0
BUS-BRA,EfficientNetB4,Grad-CAM,15,0,0.8847005367279053,0.8142705231904984,0.7012227982282638,-0.11304772496223459,0.1283259391784668,1,0.39400573672362754
BUS-BRA,EfficientNetB4,Integrated Gradients,15,0,0.8847005367279053,0.817722910642624,0.7507894724607467,-0.06693343818187736,-0.0987291932106018,0,0.25132166747736495
BUS-BRA,EfficientNetB4,SHAP,15,0,0.8847005367279053,0.8303058385848999,0.9145126044750214,0.08420676589012144,-0.09184819459915161,0,0.19970752705061767
BUS-BRA,EfficientNetB4,Score-CAM,15,0,0.8847005367279053,0.6848057880997658,0.9137014508247374,0.22889566272497164,0.0524517297744751,1,0.0
BUS-BRA,EfficientNetB4,Grad-CAM,314,1,0.7730215787887573,0.3236147267743945,0.5789822198450565,0.255367493070662,0.7560464721173048,1,0.2767102676448816
BUS-BRA,EfficientNetB4,Integrated Gradients,314,1,0.7730215787887573,0.919780057668686,0.6578951179981231,-0.2618849396705629,-0.20866191387176514,0,0.12328717040444004
BUS-BRA,EfficientNetB4,SHAP,314,1,0.7730215787887573,0.8935075670480728,0.8875138491392135,-0.005993717908859275,-0.16620475053787231,0,0.36507722409609694
BUS-BRA,EfficientNetB4,Score-CAM,314,1,0.7730215787887573,0.6728487789630889,0.6113025166094302,-0.061546262353658676,0.5280456393957138,1,0.1979067102689024
BUS-BRA,EfficientNetB4,Grad-CAM,57,0,0.9673366546630859,0.7552592232823371,0.9160044938325881,0.160745270550251,-0.006042659282684326,0,0.029301358334110312
BUS-BRA,EfficientNetB4,Integrated Gradients,57,0,0.9673366546630859,0.4593580290675164,0.6373445719480514,0.177986542880535,0.3070959448814392,1,0.022218492373495886
BUS-BRA,EfficientNetB4,SHAP,57,0,0.9673366546630859,0.3700188890099525,0.5318893000483513,0.16187041103839883,0.43059879541397095,1,0.03842974121654562
BUS-BRA,EfficientNetB4,Score-CAM,57,0,0.9673366546630859,0.6955890357494353,0.7783782482147217,0.08278921246528637,0.17213928699493408,1,0.03072160083552309
BUS-BRA,EfficientNetB4,Grad-CAM,239,0,0.9908742308616638,0.7840027764439584,0.9212370842695237,0.13723430782556523,0.29846101999282837,1,0.048836366415492584
BUS-BRA,EfficientNetB4,Integrated Gradients,239,0,0.9908742308616638,0.33641824424266814,0.6726832032203675,0.3362649589776993,0.44002360105514526,1,0.034017339986637175
BUS-BRA,EfficientNetB4,SHAP,239,0,0.9908742308616638,0.2432162582874298,0.5356777906417847,0.2924615323543549,0.6929832696914673,1,0.0358908599680017
BUS-BRA,EfficientNetB4,Score-CAM,239,0,0.9908742308616638,0.8950398176908494,0.7487696886062621,-0.14627012908458725,0.0009880661964416504,1,0.0
BUS-BRA,EfficientNetB4,Grad-CAM,76,0,0.9074243307113647,0.36995382308959956,0.7496135532855986,0.3796597301959991,0.43038517236709595,1,0.211781657790764
BUS-BRA,EfficientNetB4,Integrated Gradients,76,0,0.9074243307113647,0.35416571795940394,0.7576322585344314,0.40346654057502745,0.6299027800559998,1,0.1472210886613464
BUS-BRA,EfficientNetB4,SHAP,76,0,0.9074243307113647,0.3643701702356339,0.6667912602424622,0.30242109000682826,0.05562007427215576,1,0.26697262000695204
BUS-BRA,EfficientNetB4,Score-CAM,76,0,0.9074243307113647,0.6489696219563484,0.8210548728704453,0.17208525091409688,-0.049970269203186035,0,0.0
BUS-BRA,EfficientNetB4,Grad-CAM,119,0,0.9898558259010315,0.9212469726800919,0.9211498528718949,-9.711980819704369e-05,-0.008968591690063477,0,0.2004065116794828
BUS-BRA,EfficientNetB4,Integrated Gradients,119,0,0.9898558259010315,0.600151801109314,0.8596661686897278,0.2595143675804138,0.706818699836731,1,0.07089441685707344
BUS-BRA,EfficientNetB4,SHAP,119,0,0.9898558259010315,0.4140747621655464,0.9432922691106798,0.5292175069451334,0.3968932032585144,1,0.23766046620803016
BUS-BRA,EfficientNetB4,Score-CAM,119,0,0.9898558259010315,0.959298026561737,0.9612661510705948,0.0019681245088577493,0.0483432412147522,1,0.0
BUS-BRA,EfficientNetB4,Grad-CAM,305,0,0.9288120269775391,0.4111302047967911,0.8339026004076002,0.42277239561080915,0.18829703330993652,1,0.01499003069561415
BUS-BRA,EfficientNetB4,Integrated Gradients,305,0,0.9288120269775391,0.15316256582736967,0.6588087171316146,0.505646151304245,0.9097651839256287,1,0.01288290540575467
BUS-BRA,EfficientNetB4,SHAP,305,0,0.9288120269775391,0.2194508492946625,0.3427411749958991,0.12329032570123663,0.5284988880157471,1,0.012491835262524188
BUS-BRA,EfficientNetB4,Score-CAM,305,0,0.9288120269775391,0.8992286816239358,0.453809605538845,-0.4454190760850908,-0.022873759269714355,0,0.0
BUS-BRA,EfficientNetB4,Grad-CAM,126,1,0.7435566186904907,0.25857505314052104,0.5900648444890977,0.33148979134857665,0.3402620255947113,1,0.18508286391829545
BUS-BRA,EfficientNetB4,Integrated Gradients,126,1,0.7435566186904907,0.9093203783035277,0.9020452529191971,-0.007275125384330616,-0.20655441284179688,0,0.1982885594272716
BUS-BRA,EfficientNetB4,SHAP,126,1,0.7435566186904907,0.9301430523395536,0.948857593536377,0.018714541196823364,-0.22163522243499756,0,0.23049376783093634
BUS-BRA,EfficientNetB4,Score-CAM,126,1,0.7435566186904907,0.8001411393284799,0.633911344408989,-0.16622979491949086,0.06309926509857178,1,0.032488640076203466
BUS-BRA,EfficientNetB4,Grad-CAM,233,0,0.848092794418335,0.6859816551208495,0.8495410293340684,0.16355937421321887,-0.05331075191497803,0,0.02487014748331379
BUS-BRA,EfficientNetB4,Integrated Gradients,233,0,0.848092794418335,0.2334066078066826,0.37877898514270775,0.14537237733602515,0.5797367095947266,1,0.023786331582731017
BUS-BRA,EfficientNetB4,SHAP,233,0,0.848092794418335,0.21929815113544465,0.3696443691849708,0.15034621804952614,0.5697423815727234,1,0.015681795008237912
BUS-BRA,EfficientNetB4,Score-CAM,233,0,0.848092794418335,0.6067279785871507,0.6859210208058357,0.07919304221868506,0.050415635108947754,1,0.0
BUS-BRA,EfficientNetB4,Grad-CAM,39,0,0.8492459058761597,0.4233624249696732,0.8090401500463485,0.38567772507667536,0.4925386905670166,1,0.19543453792192358
BUS-BRA,EfficientNetB4,Integrated Gradients,39,0,0.8492459058761597,0.2889080762863159,0.5236305236816408,0.23472244739532488,0.44147002696990967,1,0.11396755704593815
BUS-BRA,EfficientNetB4,SHAP,39,0,0.8492459058761597,0.183878955245018,0.40681650489568716,0.22293754965066917,0.7587617039680481,1,0.14035741761419537
BUS-BRA,EfficientNetB4,Score-CAM,39,0,0.8492459058761597,0.9342325419187547,0.6336548089981079,-0.3005777329206468,-0.1437746286392212,0,0.004393084498965772
BUS-BRA,EfficientNetB4,Grad-CAM,153,1,0.8740686178207397,0.3979042869061231,0.3971043519675731,-0.0007999349385500176,0.7646161392331123,1,0.19873748370915523
BUS-BRA,EfficientNetB4,Integrated Gradients,153,1,0.8740686178207397,0.9418740272521973,0.9628000050783158,0.02092597782611849,-0.11026370525360107,0,0.2059114528855972
BUS-BRA,EfficientNetB4,SHAP,153,1,0.8740686178207397,0.8941477596759796,0.9693217366933823,0.0751739770174027,-0.09621620178222656,0,0.2600908127941869
BUS-BRA,EfficientNetB4,Score-CAM,153,1,0.8740686178207397,0.6629956409335137,0.7355269372463226,0.07253129631280886,-0.015440642833709717,0,0.0020628496475231543
BUS-BRA,EfficientNetB4,Grad-CAM,55,0,0.9622703790664673,0.534627191722393,0.8598414793610573,0.3252142876386642,0.719466507434845,1,0.07995866513189209
BUS-BRA,EfficientNetB4,Integrated Gradients,55,0,0.9622703790664673,0.239468477666378,0.8583707332611084,0.6189022555947303,0.8375913500785828,1,0.10177925946168706
BUS-BRA,EfficientNetB4,SHAP,55,0,0.9622703790664673,0.3767047941684723,0.6215959355235099,0.2448911413550376,0.4398620128631592,1,0.11209282953546973
BUS-BRA,EfficientNetB4,Score-CAM,55,0,0.9622703790664673,0.5552951246500015,0.8457061812281609,0.29041105657815935,0.714130699634552,1,0.013713821331190555
BUS-BRA,EfficientNetB4,Grad-CAM,155,0,0.6168408989906311,0.3897621005773544,0.8073720008134841,0.41760990023612976,-0.23139387369155884,0,0.05273328136666581
BUS-BRA,EfficientNetB4,Integrated Gradients,155,0,0.6168408989906311,0.14741434305906295,0.2974777698516845,0.15006342679262155,0.5502427816390991,1,0.048770402052196286
BUS-BRA,EfficientNetB4,SHAP,155,0,0.6168408989906311,0.12286905646324157,0.22245086580514906,0.09958180934190748,0.5470579266548157,1,0.04036281505896564
BUS-BRA,EfficientNetB4,Score-CAM,155,0,0.6168408989906311,0.715547251701355,0.5626521810889243,-0.15289507061243068,-0.03841221332550049,0,0.0
BUS-BRA,EfficientNetB4,Grad-CAM,278,0,0.94221431016922,0.705516666173935,0.8042673259973525,0.09875065982341746,0.0827246904373169,1,0.06871236364979312
BUS-BRA,EfficientNetB4,Integrated Gradients,278,0,0.94221431016922,0.150604972243309,0.46960571408271784,0.31900074183940885,0.8147807717323303,1,0.04557747935314907
BUS-BRA,EfficientNetB4,SHAP,278,0,0.94221431016922,0.1551738992333412,0.4688223898410797,0.3136484906077385,0.7822717428207397,1,0.03293937277780262
BUS-BRA,EfficientNetB4,Score-CAM,278,0,0.94221431016922,0.6739789724349975,0.7287621408700942,0.054783168435096674,-0.011146008968353271,0,0.0
BUS-BRA,EfficientNetB4,Grad-CAM,0,0,0.9192757606506348,0.6761472672224045,0.8227875962853431,0.14664032906293867,0.21322143077850342,1,0.13370021427755008
BUS-BRA,EfficientNetB4,Integrated Gradients,0,0,0.9192757606506348,0.21120276898145673,0.3553279638290405,0.1441251948475838,0.8984050750732422,1,0.13386871141633794
BUS-BRA,EfficientNetB4,SHAP,0,0,0.9192757606506348,0.10389973670244215,0.3693758741021156,0.26547613739967346,0.8737869262695312,1,0.21710901340492675
BUS-BRA,EfficientNetB4,Score-CAM,0,0,0.9192757606506348,0.6311777740716934,0.7219245210289955,0.09074674695730212,0.069862961769104,1,0.0
BUS-BRA,EfficientNetB4,Grad-CAM,231,0,0.5927773714065552,0.2902980521321296,0.6149231508374213,0.3246250987052917,0.10044634342193604,1,0.004582797781762127
BUS-BRA,EfficientNetB4,Integrated Gradients,231,0,0.5927773714065552,0.1898906141519546,0.37347473204135906,0.18358411788940446,0.40117931365966797,1,0.12642045927533652
BUS-BRA,EfficientNetB4,SHAP,231,0,0.5927773714065552,0.16890090703964228,0.3170943036675453,0.14819339662790304,0.414162278175354,1,0.0642167679697552
BUS-BRA,EfficientNetB4,Score-CAM,231,0,0.5927773714065552,0.5294929817318915,0.850698173046112,0.32120519131422043,0.4338354468345642,1,0.00106787301865313
BUS-BRA,EfficientNetB4,Grad-CAM,335,1,0.6285271644592285,0.21936465632170432,0.815690565109253,0.5963259087875487,0.5823574736714363,1,0.08561213345360245
BUS-BRA,EfficientNetB4,Integrated Gradients,335,1,0.6285271644592285,0.9411136716604233,0.8506630331277847,-0.09045063853263857,-0.36266982555389404,0,0.11152648212361917
BUS-BRA,EfficientNetB4,SHAP,335,1,0.6285271644592285,0.9633797198534011,0.9112847656011582,-0.052094954252242864,-0.34691745042800903,0,0.13816922669930365
BUS-BRA,EfficientNetB4,Score-CAM,335,1,0.6285271644592285,0.6722769096493723,0.4103198071941734,-0.2619571024551989,0.48737217485904694,1,0.06719342863116112
BUS-BRA,EfficientNetB4,Grad-CAM,101,0,0.8281166553497314,0.40343466103076936,0.7785432279109954,0.37510856688022604,0.499946653842926,1,0.1474729912585922
BUS-BRA,EfficientNetB4,Integrated Gradients,101,0,0.8281166553497314,0.4063434630632401,0.4927361011505127,0.0863926380872726,0.38297736644744873,1,0.16998789773985018
BUS-BRA,EfficientNetB4,SHAP,101,0,0.8281166553497314,0.30978753864765163,0.7015223860740661,0.3917348474264145,0.5562328696250916,1,0.31534928717101074
BUS-BRA,EfficientNetB4,Score-CAM,101,0,0.8281166553497314,0.5115698382258416,0.8125945001840592,0.30102466195821764,0.024296462535858154,1,0.0
BUS-BRA,EfficientNetB4,Grad-CAM,9,0,0.7194311618804932,0.08914776444435119,0.21129482090473173,0.12214705646038054,0.6895653605461121,1,0.006037935216804363
BUS-BRA,EfficientNetB4,Integrated Gradients,9,0,0.7194311618804932,0.0805669844150543,0.20389009565114974,0.12332311123609543,0.6564385294914246,1,0.06514745337760385
BUS-BRA,EfficientNetB4,SHAP,9,0,0.7194311618804932,0.06577566862106324,0.10747452527284619,0.04169885665178295,0.662020206451416,1,0.11593950727893308
BUS-BRA,EfficientNetB4,Score-CAM,9,0,0.7194311618804932,0.4039412304759026,0.4023908004164696,-0.0015504300594330056,0.20199745893478394,1,0.03626280319956392
BUS-BRA,EfficientNetB4,Grad-CAM,180,0,0.9002830386161804,0.6830315828323364,0.8397752553224562,0.15674367249011978,0.1495456099510193,1,0.01030305676983471
BUS-BRA,EfficientNetB4,Integrated Gradients,180,0,0.9002830386161804,0.278412689268589,0.47418281286954883,0.19577012360095986,0.670587956905365,1,0.019326331196447673
BUS-BRA,EfficientNetB4,SHAP,180,0,0.9002830386161804,0.22608125656843187,0.49503859877586365,0.2689573422074318,0.7756552696228027,1,0.013603311687211017
BUS-BRA,EfficientNetB4,Score-CAM,180,0,0.9002830386161804,0.7008475393056869,0.8358764827251435,0.1350289434194566,0.47395360469818115,1,0.012921729965798665
BUS-BRA,EfficientNetB4,Grad-CAM,72,0,0.8070162534713745,0.5023715123534203,0.5937502712011338,0.09137875884771351,0.19623863697052002,1,0.0060559298177458466
BUS-BRA,EfficientNetB4,Integrated Gradients,72,0,0.8070162534713745,0.20316878855228424,0.3544740989804268,0.15130531042814258,0.6195868849754333,1,0.06003264955885502
BUS-BRA,EfficientNetB4,SHAP,72,0,0.8070162534713745,0.1511542722582817,0.388390426337719,0.23723615407943727,0.7247443795204163,1,0.04428751656299254
BUS-BRA,EfficientNetB4,Score-CAM,72,0,0.8070162534713745,0.7550682127475737,0.6985893309116363,-0.05647888183593741,-0.07599437236785889,0,0.008212141633857452
BUS-BRA,EfficientNetB4,Grad-CAM,237,0,0.8486573100090027,0.6005987629294394,0.7740681752562523,0.1734694123268129,-0.018733441829681396,0,0.17438695829152173
BUS-BRA,EfficientNetB4,Integrated Gradients,237,0,0.8486573100090027,0.16431570798158646,0.3818746462464332,0.21755893826484674,0.7335188984870911,1,0.16236019269205984
BUS-BRA,EfficientNetB4,SHAP,237,0,0.8486573100090027,0.12508158236742017,0.45599311143159865,0.3309115290641785,0.744430422782898,1,0.13129981850330552
BUS-BRA,EfficientNetB4,Score-CAM,237,0,0.8486573100090027,0.6511666283011437,0.6115956291556358,-0.03957099914550788,-0.04298824071884155,0,0.011022057079758335
BUS-BRA,EfficientNetB4,Grad-CAM,255,0,0.872040867805481,0.7659342467784882,0.6699345499277115,-0.0959996968507767,-0.09823024272918701,0,0.040688372382372745
BUS-BRA,EfficientNetB4,Integrated Gradients,255,0,0.872040867805481,0.1109723836183548,0.3993769481778145,0.2884045645594597,0.7145090103149414,1,0.0977788217662768
BUS-BRA,EfficientNetB4,SHAP,255,0,0.872040867805481,0.08152576982975006,0.46717686057090757,0.3856510907411575,0.832886278629303,1,0.12799192199614798
BUS-BRA,EfficientNetB4,Score-CAM,255,0,0.872040867805481,0.5889987081289291,0.7897831082344056,0.2007844001054765,0.038034796714782715,1,0.03329671260655512
BUS-BRA,EfficientNetB4,Grad-CAM,137,0,0.9911186695098877,0.6969353809952734,0.8450232237577436,0.14808784276247022,0.2507637143135071,1,0.22499762683948157
BUS-BRA,EfficientNetB4,Integrated Gradients,137,0,0.9911186695098877,0.2707160532474518,0.6019715368747711,0.3312554836273193,0.9784772992134094,1,0.16589252971502927
BUS-BRA,EfficientNetB4,SHAP,137,0,0.9911186695098877,0.23260102123022075,0.5402444958686828,0.3076434746384621,0.9361820220947266,1,0.11226551491160436
BUS-BRA,EfficientNetB4,Score-CAM,137,0,0.9911186695098877,0.860054649412632,0.7464200705289842,-0.11363457888364781,0.012343347072601318,1,0.0
BUS-BRA,EfficientNetB4,Grad-CAM,225,0,0.5866003632545471,0.5456742763519287,0.679148255288601,0.13347397893667234,-0.04585963487625122,0,0.0
BUS-BRA,EfficientNetB4,Integrated Gradients,225,0,0.5866003632545471,0.19755181521177292,0.5590832486748695,0.3615314334630966,0.34132254123687744,1,0.059676232369245664
BUS-BRA,EfficientNetB4,SHAP,225,0,0.5866003632545471,0.141469369828701,0.4698911145329475,0.3284217447042465,0.39481407403945923,1,0.042577849048061535
BUS-BRA,EfficientNetB4,Score-CAM,225,0,0.5866003632545471,0.5618265494704248,0.5384610503911972,-0.02336549907922758,-0.08040636777877808,0,0.028638846241300673
BUS-BRA,EfficientNetB4,Grad-CAM,194,0,0.8027390241622925,0.5998929858207702,0.7633754819631575,0.1634824961423873,-0.18245691061019897,0,0.20274676827312033
BUS-BRA,EfficientNetB4,Integrated Gradients,194,0,0.8027390241622925,0.16113323867321017,0.5623735323548317,0.4012402936816215,0.5679776668548584,1,0.12170738655285891
BUS-BRA,EfficientNetB4,SHAP,194,0,0.8027390241622925,0.16605395376682283,0.5467680647969246,0.3807141110301018,0.5550363659858704,1,0.17006824522989697
BUS-BRA,EfficientNetB4,Score-CAM,194,0,0.8027390241622925,0.7511771515011788,0.7123158350586891,-0.03886131644248969,0.05688488483428955,1,0.002040850077854349
BUS-BRA,EfficientNetB4,Grad-CAM,193,0,0.7479162216186523,0.6518688708543778,0.8319963753223419,0.1801275044679641,0.0496639609336853,1,0.11391159867352715
BUS-BRA,EfficientNetB4,Integrated Gradients,193,0,0.7479162216186523,0.1794166013598442,0.38167557269334795,0.20225897133350376,0.41849595308303833,1,0.08060649658494047
BUS-BRA,EfficientNetB4,SHAP,193,0,0.7479162216186523,0.18018760681152346,0.32990282475948335,0.1497152179479599,0.49079906940460205,1,0.0974710897978297
BUS-BRA,EfficientNetB4,Score-CAM,193,0,0.7479162216186523,0.6779408320784568,0.6342625826597214,-0.04367824941873544,-0.13376480340957642,0,0.0008261456111545527
BUS-BRA,EfficientNetB4,Grad-CAM,368,1,0.6051252484321594,0.47324812859296794,0.7505648165941239,0.27731668800115594,0.32745298743247986,1,0.011501023558705201
BUS-BRA,EfficientNetB4,Integrated Gradients,368,1,0.6051252484321594,0.884387394785881,0.6735497772693634,-0.21083761751651764,-0.3390054702758789,0,0.046932560940680684
BUS-BRA,EfficientNetB4,SHAP,368,1,0.6051252484321594,0.8819516599178314,0.8809481084346771,-0.0010035514831543413,-0.26245808601379395,0,0.03186208630596836
BUS-BRA,EfficientNetB4,Score-CAM,368,1,0.6051252484321594,0.8447769343852998,0.5227269619703293,-0.32204997241497046,-0.08338737487792969,0,0.06328509031482545
BUS-BRA,EfficientNetB4,Grad-CAM,25,1,0.6854610443115234,0.45839191526174544,0.44260511696338656,-0.015786798298358884,0.24610689282417297,1,0.10366605760773379
BUS-BRA,EfficientNetB4,Integrated Gradients,25,1,0.6854610443115234,0.7135873146355152,0.47275370284914964,-0.24083361178636553,-0.10381704568862915,0,0.0948964360636572
BUS-BRA,EfficientNetB4,SHAP,25,1,0.6854610443115234,0.6458448499441146,0.6049534589052199,-0.04089139103889472,0.08945196866989136,1,0.07424385620642864
BUS-BRA,EfficientNetB4,Score-CAM,25,1,0.6854610443115234,0.25334050599485636,0.3821661882102489,0.12882568221539253,0.2049635946750641,1,0.0
BUS-BRA,EfficientNetB4,Grad-CAM,108,0,0.8718725442886353,0.540910506248474,0.8293678000569344,0.2884572938084604,-0.003214538097381592,0,0.01628928976683197
BUS-BRA,EfficientNetB4,Integrated Gradients,108,0,0.8718725442886353,0.1633415341377258,0.42014401108026506,0.2568024769425392,0.8249995708465576,1,0.03163767682554003
BUS-BRA,EfficientNetB4,SHAP,108,0,0.8718725442886353,0.1309337705373764,0.3313228502869605,0.20038907974958411,0.804717481136322,1,0.034349982154146315
BUS-BRA,EfficientNetB4,Score-CAM,108,0,0.8718725442886353,0.850870355963707,0.7107170477509499,-0.14015330821275707,-0.12510359287261963,0,0.0016102625098609027
BUS-BRA,EfficientNetB4,Grad-CAM,42,0,0.7032672166824341,0.639927364885807,0.7310418114066123,0.09111444652080525,-0.16900992393493652,0,0.06032764528544346
BUS-BRA,EfficientNetB4,Integrated Gradients,42,0,0.7032672166824341,0.16621966063976287,0.3899681016802788,0.22374844104051592,0.5841688513755798,1,0.01156281371565684
BUS-BRA,EfficientNetB4,SHAP,42,0,0.7032672166824341,0.15409970134496692,0.19982058256864543,0.04572088122367851,0.4697345495223999,1,0.02545593482406815
BUS-BRA,EfficientNetB4,Score-CAM,42,0,0.7032672166824341,0.7529684633016586,0.4711437359452248,-0.28182472735643377,-0.1539614200592041,0,0.0
BUS-BRA,EfficientNetB4,Grad-CAM,359,0,0.6174677014350891,0.32901588976383206,0.546608304977417,0.2175924152135849,0.01807302236557007,1,0.12525839071004813
BUS-BRA,EfficientNetB4,Integrated Gradients,359,0,0.6174677014350891,0.10229454487562181,0.5396990463137626,0.4374045014381408,0.34477096796035767,1,0.28028063182636215
BUS-BRA,EfficientNetB4,SHAP,359,0,0.6174677014350891,0.17640698701143265,0.3992095455527305,0.22280255854129788,0.2957422733306885,1,0.2921751340879022
BUS-BRA,EfficientNetB4,Score-CAM,359,0,0.6174677014350891,0.5420904859900475,0.5947385594248772,0.05264807343482969,-0.21338653564453125,0,0.0
BUS-BRA,EfficientNetB4,Grad-CAM,288,0,0.8125824332237244,0.38399492502212534,0.5408518970012666,0.15685697197914122,0.23263520002365112,1,0.04349788733841609
BUS-BRA,EfficientNetB4,Integrated Gradients,288,0,0.8125824332237244,0.09413127303123472,0.4097335577011108,0.31560228466987605,0.7232194542884827,1,0.0291534093885624
BUS-BRA,EfficientNetB4,SHAP,288,0,0.8125824332237244,0.06588780283927917,0.2943441271781921,0.22845632433891291,0.7626550197601318,1,0.02309753226675239
BUS-BRA,EfficientNetB4,Score-CAM,288,0,0.8125824332237244,0.5773475140333176,0.46735033243894564,-0.109997181594372,0.038333237171173096,1,0.0
BUS-BRA,EfficientNetB4,Grad-CAM,114,0,0.6803410053253174,0.2610179677605629,0.7920348882675171,0.5310169205069541,0.5430548787117004,1,0.05771932449187134
BUS-BRA,EfficientNetB4,Integrated Gradients,114,0,0.6803410053253174,0.14665253162384032,0.14327246248722075,-0.0033800691366195623,0.6236177086830139,1,0.09229012479931475
BUS-BRA,EfficientNetB4,SHAP,114,0,0.6803410053253174,0.10989071279764175,0.24953240454196923,0.1396416917443275,0.676749050617218,1,0.16080065763151608
BUS-BRA,EfficientNetB4,Score-CAM,114,0,0.6803410053253174,0.7961240679025651,0.5293452993035316,-0.2667787685990335,-0.2971934676170349,0,0.08838514889210113
BUS-BRA,EfficientNetB4,Grad-CAM,63,0,0.9885125160217285,0.6028111442923547,0.8629634395241738,0.26015229523181904,0.2722678780555725,1,0.17533451281271717
BUS-BRA,EfficientNetB4,Integrated Gradients,63,0,0.9885125160217285,0.3798446893692017,0.9254054918885231,0.5455608025193214,0.276214599609375,1,0.07733065672592448
BUS-BRA,EfficientNetB4,SHAP,63,0,0.9885125160217285,0.3080513313412667,0.7879000306129456,0.47984869927167884,0.41937828063964844,1,0.17464358483790213
BUS-BRA,EfficientNetB4,Score-CAM,63,0,0.9885125160217285,0.7019099637866021,0.8873114317655564,0.1854014679789543,0.07775676250457764,1,0.0034349584485001724
BUS-BRA,EfficientNetB4,Grad-CAM,22,0,0.8766264915466309,0.5510591447353362,0.6748149022459984,0.12375575751066215,0.20454823970794678,1,0.35632884401568243
BUS-BRA,EfficientNetB4,Integrated Gradients,22,0,0.8766264915466309,0.6493801057338715,0.848244658112526,0.19886455237865452,0.2317279577255249,1,0.15722781344630787
BUS-BRA,EfficientNetB4,SHAP,22,0,0.8766264915466309,0.5715562552213669,0.7553525060415267,0.18379625082015982,-0.03365755081176758,0,0.4326034984705953
BUS-BRA,EfficientNetB4,Score-CAM,22,0,0.8766264915466309,0.6518133506178855,0.7284283369779585,0.07661498636007302,-0.031586289405822754,0,0.0
BUS-BRA,EfficientNetB4,Grad-CAM,152,0,0.9500927329063416,0.7388572156429292,0.76641596108675,0.027558745443820865,-0.0003085136413574219,0,0.09307101087333665
BUS-BRA,EfficientNetB4,Integrated Gradients,152,0,0.9500927329063416,0.2908909752964973,0.6024800822138785,0.3115891069173812,0.7877985239028931,1,0.10306315800177157
BUS-BRA,EfficientNetB4,SHAP,152,0,0.9500927329063416,0.2281568065285683,0.615280544757843,0.3871237382292747,0.8369855284690857,1,0.06455518290399613
BUS-BRA,EfficientNetB4,Score-CAM,152,0,0.9500927329063416,0.8639807641506194,0.7250007912516593,-0.13897997289896014,-0.0434151291847229,0,0.0
BUS-BRA,EfficientNetB4,Grad-CAM,176,0,0.8977927565574646,0.6699877157807351,0.8550582736730574,0.1850705578923223,-0.014210939407348633,0,0.02787270939796395
BUS-BRA,EfficientNetB4,Integrated Gradients,176,0,0.8977927565574646,0.29144641458988196,0.43874022662639617,0.1472938120365142,0.4597851634025574,1,0.03626106455224994
BUS-BRA,EfficientNetB4,SHAP,176,0,0.8977927565574646,0.18384805023670195,0.44454192519187924,0.26069387495517726,0.737524688243866,1,0.03300562436699143
BUS-BRA,EfficientNetB4,Score-CAM,176,0,0.8977927565574646,0.8762470960617065,0.855763903260231,-0.02048319280147548,-0.07349532842636108,0,0.00020435618469472348
BUS-BRA,EfficientNetB4,Grad-CAM,249,0,0.9971376061439514,0.9054759591817856,0.9318949073553086,0.02641894817352297,0.22095268964767456,1,0.12480235460219426
BUS-BRA,EfficientNetB4,Integrated Gradients,249,0,0.9971376061439514,0.5773134827613831,0.7283641517162323,0.1510506689548492,0.47336918115615845,1,0.10451499165824839
BUS-BRA,EfficientNetB4,SHAP,249,0,0.9971376061439514,0.5497007220983505,0.8041653260588645,0.25446460396051396,0.202100932598114,1,0.0660280971997451
BUS-BRA,EfficientNetB4,Score-CAM,249,0,0.9971376061439514,0.8652322411537169,0.8935688138008117,0.02833657264709477,0.00025600194931030273,1,0.0
BUS-BRA,EfficientNetB4,Grad-CAM,297,0,0.983828604221344,0.5355866208672524,0.8598766162991524,0.32428999543189996,0.008547723293304443,1,0.011023635047851225
BUS-BRA,EfficientNetB4,Integrated Gradients,297,0,0.983828604221344,0.35816146433353424,0.8565733760595321,0.49841191172599786,0.21285516023635864,1,0.010499124195490315
BUS-BRA,EfficientNetB4,SHAP,297,0,0.983828604221344,0.34627315700054173,0.43474542349576945,0.08847226649522771,0.1670631766319275,1,0.005412347972299973
BUS-BRA,EfficientNetB4,Score-CAM,297,0,0.983828604221344,0.8922018215060233,0.385689328610897,-0.5065124928951263,-0.0001221299171447754,0,0.0
BUS-BRA,EfficientNetB4,Grad-CAM,30,0,0.9800609350204468,0.7153664350509644,0.7484778940677644,0.033111459016800016,0.027548551559448242,1,0.045326293979073624
BUS-BRA,EfficientNetB4,Integrated Gradients,30,0,0.9800609350204468,0.2712083235383034,0.5266082629561424,0.255399939417839,0.6755558252334595,1,0.0754038124488392
BUS-BRA,EfficientNetB4,SHAP,30,0,0.9800609350204468,0.21479232460260392,0.43137727677822113,0.2165849521756172,0.7081384658813477,1,0.06305878657808901
BUS-BRA,EfficientNetB4,Score-CAM,30,0,0.9800609350204468,0.8321917429566384,0.8827192604541778,0.050527517497539365,-0.003810882568359375,0,0.021687212905099004
BUS-BRA,EfficientNetB4,Grad-CAM,219,0,0.5186277627944946,0.5253367140889168,0.6639827296137809,0.1386460155248641,0.12961912155151367,1,0.008711206740322271
BUS-BRA,EfficientNetB4,Integrated Gradients,219,0,0.5186277627944946,0.18459216654300686,0.5310731694102288,0.3464810028672219,0.5035825967788696,1,0.21874470272685836
BUS-BRA,EfficientNetB4,SHAP,219,0,0.5186277627944946,0.1747347995638847,0.34125726670026774,0.16652246713638302,0.505717933177948,1,0.17977629808438475
BUS-BRA,EfficientNetB4,Score-CAM,219,0,0.5186277627944946,0.7454377338290216,0.6804343923926354,-0.0650033414363862,-0.34310638904571533,0,0.05436318668082167
BUS-BRA,EfficientNetB4,Grad-CAM,109,0,0.8945757150650024,0.7789584159851075,0.8214608192443849,0.042502403259277344,0.016876518726348877,1,0.013590930590520165
BUS-BRA,EfficientNetB4,Integrated Gradients,109,0,0.8945757150650024,0.3292994663119316,0.6155343741178513,0.2862349078059197,0.4759558439254761,1,0.013372105666940654
BUS-BRA,EfficientNetB4,SHAP,109,0,0.8945757150650024,0.40868242979049696,0.3687421143054962,-0.039940315485000766,0.2921011447906494,1,0.017317757384285242
BUS-BRA,EfficientNetB4,Score-CAM,109,0,0.8945757150650024,0.667462956905365,0.6966628223657608,0.02919986546039588,0.037896931171417236,1,0.0
BUS-BRA,EfficientNetB4,Grad-CAM,124,0,0.6821852326393127,0.4236408740282058,0.5470718815922737,0.12343100756406788,0.2816820740699768,1,0.027912688764049023
BUS-BRA,EfficientNetB4,Integrated Gradients,124,0,0.6821852326393127,0.1433152139186859,0.21957595050334924,0.07626073658466334,0.5955725908279419,1,0.1396247481493023
BUS-BRA,EfficientNetB4,SHAP,124,0,0.6821852326393127,0.13601390719413756,0.2811305582523346,0.14511665105819702,0.5818706154823303,1,0.16014797858344804
BUS-BRA,EfficientNetB4,Score-CAM,124,0,0.6821852326393127,0.8281587660312651,0.7729759857058525,-0.055182780325412684,-0.22195589542388916,0,0.13940158551887885
BUS-BRA,EfficientNetB4,Grad-CAM,90,1,0.6665410995483398,0.7750796526670457,0.8349513262510301,0.059871673583984375,-0.31902438402175903,0,0.08227675466595341
BUS-BRA,EfficientNetB4,Integrated Gradients,90,1,0.6665410995483398,0.9007089287042618,0.8736498534679412,-0.027059075236320562,-0.3303244709968567,0,0.08436979349587581
BUS-BRA,EfficientNetB4,SHAP,90,1,0.6665410995483398,0.9598245471715928,0.9285614579916001,-0.031263089179992765,-0.3214154839515686,0,0.17327371983017775
BUS-BRA,EfficientNetB4,Score-CAM,90,1,0.6665410995483398,0.7415088817477228,0.7795854777097702,0.03807659596204738,-0.17943263053894043,0,0.028603350821357502
BUS-BRA,EfficientNetB4,Grad-CAM,56,0,0.9996557235717773,0.5798923283815384,0.9154841661453248,0.3355918377637864,0.007558107376098633,1,0.15483029074264348
BUS-BRA,EfficientNetB4,Integrated Gradients,56,0,0.9996557235717773,0.16355308294296264,0.9507293969392776,0.7871763139963149,0.9754820466041565,1,0.14968698968143868
BUS-BRA,EfficientNetB4,SHAP,56,0,0.9996557235717773,0.19680890440940857,0.8970556855201721,0.7002467811107635,0.7530478239059448,1,0.16574635110264146
BUS-BRA,EfficientNetB4,Score-CAM,56,0,0.9996557235717773,0.7910468727350236,0.832562316954136,0.04151544421911235,0.006502509117126465,1,0.0
BUS-BRA,EfficientNetB4,Grad-CAM,5,0,0.6105079054832458,0.42108005881309507,0.3950947746634483,-0.025985284149646792,0.07253074645996094,1,0.015730632677863305
BUS-BRA,EfficientNetB4,Integrated Gradients,5,0,0.6105079054832458,0.14660322070121765,0.2972397223114967,0.15063650161027906,0.3929583430290222,1,0.13564417942604087
BUS-BRA,EfficientNetB4,SHAP,5,0,0.6105079054832458,0.1448350042104721,0.24978163987398144,0.10494663566350934,0.4565867781639099,1,0.27545892237082287
BUS-BRA,EfficientNetB4,Score-CAM,5,0,0.6105079054832458,0.5435503929853439,0.5729852333664893,0.02943484038114541,-0.32643163204193115,0,0.12114770549438321
BUS-BRA,EfficientNetB4,Grad-CAM,45,0,0.9937459230422974,0.9170252442359924,0.9034589231014252,-0.013566321134567239,0.1715223789215088,1,0.2832006090710035
BUS-BRA,EfficientNetB4,Integrated Gradients,45,0,0.9937459230422974,0.3871690452098846,0.897543442249298,0.5103743970394135,0.42214131355285645,1,0.11445084397434997
BUS-BRA,EfficientNetB4,SHAP,45,0,0.9937459230422974,0.6330569118261339,0.488609179854393,-0.14444773197174088,0.058424293994903564,1,0.26858258700465204
BUS-BRA,EfficientNetB4,Score-CAM,45,0,0.9937459230422974,0.8750770032405852,0.9504672855138778,0.07539028227329259,-0.0034170150756835938,0,0.0004211752034761627
BUS-BRA,EfficientNetB4,Grad-CAM,345,0,0.9305095076560974,0.5129576399922371,0.7987074315547944,0.2857497915625573,0.19718164205551147,1,0.16890782649478153
BUS-BRA,EfficientNetB4,Integrated Gradients,345,0,0.9305095076560974,0.2767014399170875,0.7135124325752258,0.4368109926581383,0.35947781801223755,1,0.18629967459024213
BUS-BRA,EfficientNetB4,SHAP,345,0,0.9305095076560974,0.32676428407430647,0.678223280608654,0.35145899653434753,0.05716150999069214,1,0.1422055330422287
BUS-BRA,EfficientNetB4,Score-CAM,345,0,0.9305095076560974,0.8857859358191491,0.5024189308285714,-0.38336700499057774,-0.04224163293838501,0,1.8114555772718154e-05
BUS-BRA,EfficientNetB4,Grad-CAM,145,0,0.9446298480033875,0.7648412242531777,0.8628003880381584,0.09795916378498071,0.03601604700088501,1,0.29963162209962735
BUS-BRA,EfficientNetB4,Integrated Gradients,145,0,0.9446298480033875,0.35727510452270506,0.4634989276528358,0.10622382313013073,0.3199635148048401,1,0.15429143141133833
BUS-BRA,EfficientNetB4,SHAP,145,0,0.9446298480033875,0.41254987269639964,0.3675998881459236,-0.04494998455047605,0.21736210584640503,1,0.14863572654763724
BUS-BRA,EfficientNetB4,Score-CAM,145,0,0.9446298480033875,0.8487257570028306,0.5624707862734795,-0.28625497072935113,0.005745589733123779,1,9.84005108725925e-08
BUS-BRA,EfficientNetB4,Grad-CAM,286,0,0.5823553800582886,0.22553911805152896,0.4263080790638924,0.20076896101236344,0.41736161708831787,1,0.0016898597683930733
BUS-BRA,EfficientNetB4,Integrated Gradients,286,0,0.5823553800582886,0.20097545385360716,0.2930439844727516,0.09206853061914444,0.17886883020401,1,0.09508410626153367
BUS-BRA,EfficientNetB4,SHAP,286,0,0.5823553800582886,0.14071080833673477,0.30415330231189724,0.16344249397516247,0.3516824245452881,1,0.040949877658635274
BUS-BRA,EfficientNetB4,Score-CAM,286,0,0.5823553800582886,0.582421612739563,0.6787020146846771,0.096280401945114,-0.19503331184387207,0,0.0
BUS-BRA,EfficientNetB4,Grad-CAM,218,0,0.9347826838493347,0.4591105312108994,0.8447169199585913,0.38560638874769193,0.01679527759552002,1,0.09683379180721376
BUS-BRA,EfficientNetB4,Integrated Gradients,218,0,0.9347826838493347,0.1743904814124107,0.5581055492162704,0.3837150678038597,0.8429057598114014,1,0.07243672029476696
BUS-BRA,EfficientNetB4,SHAP,218,0,0.9347826838493347,0.1542583405971527,0.46690988987684245,0.31265154927968974,0.8398246765136719,1,0.11274231545563325
BUS-BRA,EfficientNetB4,Score-CAM,218,0,0.9347826838493347,0.9103197693824767,0.4837735772132873,-0.42654619216918943,-0.02638101577758789,0,0.0
BUS-BRA,EfficientNetB4,Grad-CAM,250,0,0.9369586706161499,0.6465966895222665,0.8174124464392662,0.1708157569169998,0.4500085115432739,1,0.14854002598436525
BUS-BRA,EfficientNetB4,Integrated Gradients,250,0,0.9369586706161499,0.4376958400011063,0.4752375692129135,0.03754172921180721,0.5368666648864746,1,0.10581237381747303
BUS-BRA,EfficientNetB4,SHAP,250,0,0.9369586706161499,0.2715489104390144,0.5422532334923744,0.27070432305336,0.8660073280334473,1,0.08596812538020883
BUS-BRA,EfficientNetB4,Score-CAM,250,0,0.9369586706161499,0.8808393642306328,0.913548082113266,0.03270871788263319,-0.05976897478103638,0,0.02521891880263337
BUS-BRA,EfficientNetB4,Grad-CAM,353,1,0.9685636758804321,0.8209777772426607,0.9004131227731705,0.0794353455305098,0.038790106773376465,1,0.2127864531351463
BUS-BRA,EfficientNetB4,Integrated Gradients,353,1,0.9685636758804321,0.8975246340036392,0.9798005819320678,0.08227594792842852,-0.030759215354919434,0,0.27131247434012384
BUS-BRA,EfficientNetB4,SHAP,353,1,0.9685636758804321,0.9358242392539977,0.9819841414690019,0.04615990221500421,-0.02944725751876831,0,0.33576465913546116
BUS-BRA,EfficientNetB4,Score-CAM,353,1,0.9685636758804321,0.5925917252898216,0.640708201378584,0.04811647608876235,0.18163686990737915,1,0.23185018250707384
BUS-BRA,EfficientNetB4,Grad-CAM,93,0,0.911095380783081,0.7389612987637519,0.6608934462070466,-0.07806785255670534,-0.06769692897796631,0,0.04047305784411813
BUS-BRA,EfficientNetB4,Integrated Gradients,93,0,0.911095380783081,0.1141751602292061,0.5387371495366097,0.4245619893074036,0.8575847148895264,1,0.09319757860422546
BUS-BRA,EfficientNetB4,SHAP,93,0,0.911095380783081,0.16857628226280214,0.23846967369318006,0.06989339143037793,0.5958281755447388,1,0.09392815896887514
BUS-BRA,EfficientNetB4,Score-CAM,93,0,0.911095380783081,0.8538191854953765,0.5556549221277237,-0.2981642633676528,-0.024705350399017334,0,0.0016780023868805036
BUS-BRA,EfficientNetB4,Grad-CAM,3,0,0.8164778351783752,0.4565154388546943,0.8383465185761452,0.38183107972145086,-0.0862053632736206,0,0.10760684203339844
BUS-BRA,EfficientNetB4,Integrated Gradients,3,0,0.8164778351783752,0.12406416833400725,0.24762146621942516,0.1235572978854179,0.8004481792449951,1,0.09427083493582862
BUS-BRA,EfficientNetB4,SHAP,3,0,0.8164778351783752,0.23395925164222714,0.16004050523042676,-0.07391874641180038,0.658971905708313,1,0.2101208826957028
BUS-BRA,EfficientNetB4,Score-CAM,3,0,0.8164778351783752,0.8146503448486329,0.49577956348657604,-0.3188707813620568,-0.006077706813812256,0,0.026419062385895968
BUS-BRA,EfficientNetB4,Grad-CAM,351,0,0.9552899599075317,0.8363299518823624,0.7413743257522581,-0.09495562613010422,-0.04279059171676636,0,0.0808702543525045
BUS-BRA,EfficientNetB4,Integrated Gradients,351,0,0.9552899599075317,0.4299639418721199,0.5967877611517906,0.16682381927967066,0.14413493871688843,1,0.08020961253291362
BUS-BRA,EfficientNetB4,SHAP,351,0,0.9552899599075317,0.4362088531255722,0.5647900238633156,0.12858117073774333,0.03117913007736206,1,0.07268315719606268
BUS-BRA,EfficientNetB4,Score-CAM,351,0,0.9552899599075317,0.7828269928693772,0.7798360437154771,-0.00299094915390008,0.028481483459472656,1,0.0
BUS-BRA,EfficientNetB4,Grad-CAM,77,0,0.8396753668785095,0.37936777472496036,0.6321716174483301,0.2528038427233697,0.7971060872077942,1,0.16753620385555237
BUS-BRA,EfficientNetB4,Integrated Gradients,77,0,0.8396753668785095,0.23703692108392713,0.6669732049107551,0.4299362838268279,0.5180749893188477,1,0.13983302495776959
BUS-BRA,EfficientNetB4,SHAP,77,0,0.8396753668785095,0.20570046752691265,0.5167693227529525,0.3110688552260399,0.5598071217536926,1,0.26002280351658585
BUS-BRA,EfficientNetB4,Score-CAM,77,0,0.8396753668785095,0.7147445693612098,0.7104264780879022,-0.004318091273307623,-0.13329625129699707,0,0.05501317970310473
BUS-BRA,EfficientNetB4,Grad-CAM,132,0,0.6399730443954468,0.383562296628952,0.32747852802276606,-0.05608376860618597,0.3149675726890564,1,0.009370648698674076
BUS-BRA,EfficientNetB4,Integrated Gradients,132,0,0.6399730443954468,0.23217311352491377,0.272956058382988,0.04078294485807421,0.36004871129989624,1,0.13557376260207255
BUS-BRA,EfficientNetB4,SHAP,132,0,0.6399730443954468,0.20111139714717863,0.3312974333763123,0.13018603622913366,0.32040297985076904,1,0.09639123790366212
BUS-BRA,EfficientNetB4,Score-CAM,132,0,0.6399730443954468,0.5783491164445878,0.7366477191448212,0.15829860270023344,0.25858616828918457,1,0.06730476347407083
BUS-BRA,EfficientNetB4,Grad-CAM,310,1,0.7974165678024292,0.6212681703269481,0.4859985329210759,-0.13526963740587222,0.6048524081707001,1,0.019229103949014822
BUS-BRA,EfficientNetB4,Integrated Gradients,310,1,0.7974165678024292,0.7069241426885128,0.840523225069046,0.1335990823805332,0.21040701866149902,1,0.033408575241567824
BUS-BRA,EfficientNetB4,SHAP,310,1,0.7974165678024292,0.8039205089211465,0.8252358078956604,0.021315298974513897,-0.05327123403549194,0,0.02794528780842032
BUS-BRA,EfficientNetB4,Score-CAM,310,1,0.7974165678024292,0.41133029945194716,0.23889850322157144,-0.17243179623037572,0.47486644983291626,1,0.020854148058013226
BUS-BRA,EfficientNetB4,Grad-CAM,78,0,0.9219400882720947,0.562262798845768,0.7682406261563302,0.20597782731056213,0.3976774215698242,1,0.017898554567295902
BUS-BRA,EfficientNetB4,Integrated Gradients,78,0,0.9219400882720947,0.17343077808618546,0.5665090814232826,0.39307830333709715,0.697380781173706,1,0.04223908176092982
BUS-BRA,EfficientNetB4,SHAP,78,0,0.9219400882720947,0.19926965683698653,0.32679751664400103,0.1275278598070145,0.7195082306861877,1,0.020902113462596898
BUS-BRA,EfficientNetB4,Score-CAM,78,0,0.9219400882720947,0.8013798609375953,0.47933554500341413,-0.32204431593418115,0.37343090772628784,1,0.011855680283063006
BUS-BRA,EfficientNetB4,Grad-CAM,46,0,0.9931776523590088,0.8414039298892021,0.8457544729113579,0.004350543022155762,0.004319667816162109,1,0.2669827027660248
BUS-BRA,EfficientNetB4,Integrated Gradients,46,0,0.9931776523590088,0.29190537184476856,0.9781245559453965,0.686219184100628,0.9616518616676331,1,0.1149241172089871
BUS-BRA,EfficientNetB4,SHAP,46,0,0.9931776523590088,0.28245018720626835,0.49027750045061097,0.20782731324434262,0.6896777153015137,1,0.31323144190925645
BUS-BRA,EfficientNetB4,Score-CAM,46,0,0.9931776523590088,0.8844658568501473,0.8021846622228621,-0.08228119462728523,-0.0051299333572387695,0,0.0009613980595841143
BUS-BRA,EfficientNetB4,Grad-CAM,220,0,0.6866587996482849,0.42902499884366985,0.5298541828989982,0.10082918405532837,0.5617516040802002,1,0.08088011576664154
BUS-BRA,EfficientNetB4,Integrated Gradients,220,0,0.6866587996482849,0.16433999538421626,0.30529422760009767,0.1409542322158814,0.6562164425849915,1,0.2606268109720498
BUS-BRA,EfficientNetB4,SHAP,220,0,0.6866587996482849,0.14156917333602903,0.47190612703561785,0.3303369536995888,0.6815894842147827,1,0.22208263168179107
BUS-BRA,EfficientNetB4,Score-CAM,220,0,0.6866587996482849,0.6464042127132417,0.7337397858500482,0.08733557313680651,0.12750095129013062,1,0.11122228833714036
BUS-BRA,EfficientNetB4,Grad-CAM,73,1,0.5608166456222534,0.49447438642382624,0.5830285765230655,0.08855419009923926,0.3769696056842804,1,0.039380207446510225
BUS-BRA,EfficientNetB4,Integrated Gradients,73,1,0.5608166456222534,0.9166337072849273,0.786489126086235,-0.13014458119869232,-0.3925374150276184,0,0.08058665264339472
BUS-BRA,EfficientNetB4,SHAP,73,1,0.5608166456222534,0.8524162501096726,0.6579676568508147,-0.19444859325885788,-0.28277450799942017,0,0.08722818551335507
BUS-BRA,EfficientNetB4,Score-CAM,73,1,0.5608166456222534,0.5716105550527573,0.5771490082144738,0.005538453161716528,-0.371062695980072,0,6.600963434355921e-07
BUS-BRA,EfficientNetB4,Grad-CAM,229,1,0.6652969121932983,0.2568273074924946,0.5954257741570472,0.3385984666645526,0.2216525375843048,1,0.2005236227754576
BUS-BRA,EfficientNetB4,Integrated Gradients,229,1,0.6652969121932983,0.8336149647831919,0.8445379257202149,0.010922960937023052,-0.28628116846084595,0,0.22760759333792085
BUS-BRA,EfficientNetB4,SHAP,229,1,0.6652969121932983,0.8303269863128662,0.7837075799703599,-0.046619406342506275,-0.3038533329963684,0,0.3006631620487073
BUS-BRA,EfficientNetB4,Score-CAM,229,1,0.6652969121932983,0.3684671396389603,0.4709616005420684,0.10249446090310815,0.22300997376441956,1,0.24038752492237178
BUS-BRA,EfficientNetB4,Grad-CAM,326,0,0.669134259223938,0.3908577337861061,0.6284192442893982,0.2375615105032921,0.2030583620071411,1,0.1302315796375679
BUS-BRA,EfficientNetB4,Integrated Gradients,326,0,0.669134259223938,0.16714555025100702,0.45377576798200603,0.286630217730999,0.6520432233810425,1,0.2670451104646807
BUS-BRA,EfficientNetB4,SHAP,326,0,0.669134259223938,0.11519370973110199,0.15902784615755078,0.04383413642644879,0.4907098412513733,1,0.45520013239916146
BUS-BRA,EfficientNetB4,Score-CAM,326,0,0.669134259223938,0.5330232605338096,0.6578417882323266,0.12481852769851709,-0.09882199764251709,0,0.3326264658372992
BUS-BRA,EfficientNetB4,Grad-CAM,208,0,0.9733970761299133,0.5836317434906959,0.8708150655031205,0.2871833220124246,0.41357260942459106,1,0.15755195091587745
BUS-BRA,EfficientNetB4,Integrated Gradients,208,0,0.9733970761299133,0.47749246507883064,0.6000395238399505,0.12254705876111988,0.31042909622192383,1,0.1219156145157272
BUS-BRA,EfficientNetB4,SHAP,208,0,0.9733970761299133,0.3417566001415252,0.6007231831550599,0.2589665830135347,0.31781381368637085,1,0.08094094469529116
BUS-BRA,EfficientNetB4,Score-CAM,208,0,0.9733970761299133,0.8967356577515602,0.8088692680001257,-0.08786638975143446,-0.017145991325378418,0,0.0032142535714616166
BUS-BRA,EfficientNetB4,Grad-CAM,82,1,0.9008894562721252,0.7074836671352387,0.7442974597215654,0.036813792586326666,-0.0027431845664978027,0,0.5587542049266875
BUS-BRA,EfficientNetB4,Integrated Gradients,82,1,0.9008894562721252,0.8435196056962015,0.9439187705516816,0.10039916485548006,-0.09534597396850586,0,0.386799754734843
BUS-BRA,EfficientNetB4,SHAP,82,1,0.9008894562721252,0.904113309085369,0.9600864470005034,0.05597313791513436,-0.05959266424179077,0,0.4743196847619894
BUS-BRA,EfficientNetB4,Score-CAM,82,1,0.9008894562721252,0.6888895630836488,0.7103411644697188,0.02145160138607005,-0.01797395944595337,0,0.24250587896621834
BUS-BRA,EfficientNetB4,Grad-CAM,94,0,0.5212717056274414,0.4301886260509491,0.528657691180706,0.09846906512975695,0.38471585512161255,1,0.00361550866728712
BUS-BRA,EfficientNetB4,Integrated Gradients,94,0,0.5212717056274414,0.20705097913742063,0.21370095312595364,0.006649973988533009,0.35262948274612427,1,0.11097335876604288
BUS-BRA,EfficientNetB4,SHAP,94,0,0.5212717056274414,0.1292865663766861,0.2184942364692688,0.08920767009258271,0.4949180483818054,1,0.10949371203574741
BUS-BRA,EfficientNetB4,Score-CAM,94,0,0.5212717056274414,0.6665708646178248,0.6314378455281258,-0.035133019089699014,-0.009479165077209473,0,0.006296914441807827
BUS-BRA,EfficientNetB4,Grad-CAM,195,0,0.9526355862617493,0.8473102003335952,0.8827748447656631,0.03546464443206798,-0.03142791986465454,0,0.13727717250670834
BUS-BRA,EfficientNetB4,Integrated Gradients,195,0,0.9526355862617493,0.5799137070775032,0.5970101743936539,0.017096467316150665,0.352958083152771,1,0.12787808186505903
BUS-BRA,EfficientNetB4,SHAP,195,0,0.9526355862617493,0.4948707088828086,0.6786136776208879,0.18374296873807927,0.21706074476242065,1,0.1239650028301042
BUS-BRA,EfficientNetB4,Score-CAM,195,0,0.9526355862617493,0.8660872220993042,0.8877898007631302,0.021702578663825967,0.02872002124786377,1,0.21952605335597797
BUS-BRA,EfficientNetB4,Grad-CAM,311,0,0.9985984563827515,0.721756149828434,0.8958630815148354,0.17410693168640146,0.023671448230743408,1,0.1972237680255146
BUS-BRA,EfficientNetB4,Integrated Gradients,311,0,0.9985984563827515,0.3207452967762947,0.8902391746640205,0.5694938778877258,0.7941017746925354,1,0.13149422565518315
BUS-BRA,EfficientNetB4,SHAP,311,0,0.9985984563827515,0.49366481751203534,0.7261578977108001,0.23249308019876475,0.08750152587890625,1,0.19002792022945705
BUS-BRA,EfficientNetB4,Score-CAM,311,0,0.9985984563827515,0.9256107032299042,0.7740540102124215,-0.15155669301748276,0.00033539533615112305,1,8.273367707337076e-07
BUS-BRA,EfficientNetB4,Grad-CAM,292,0,0.9408279061317444,0.47033207714557657,0.7150562316179275,0.24472415447235096,0.08071887493133545,1,0.4193467987114318
BUS-BRA,EfficientNetB4,Integrated Gradients,292,0,0.9408279061317444,0.19186723530292513,0.627667398750782,0.4358001634478569,0.9062846899032593,1,0.285188609997224
BUS-BRA,EfficientNetB4,SHAP,292,0,0.9408279061317444,0.19424078017473223,0.22126957625150678,0.027028796076774553,0.5593454241752625,1,0.3514616694066101
BUS-BRA,EfficientNetB4,Score-CAM,292,0,0.9408279061317444,0.8038927644491197,0.41642042845487587,-0.38747233599424385,-0.03730368614196777,0,0.003743867142702296
BUS-BRA,EfficientNetB4,Grad-CAM,347,1,0.894499659538269,0.36568028125911944,0.4887624010443687,0.12308211978524924,0.684247300028801,1,0.07395570342263429
BUS-BRA,EfficientNetB4,Integrated Gradients,347,1,0.894499659538269,0.9101215824484826,0.8281471818685532,-0.08197440057992944,-0.07071661949157715,0,0.0543423132942278
BUS-BRA,EfficientNetB4,SHAP,347,1,0.894499659538269,0.9259284228086473,0.8976967304944992,-0.028231692314148127,-0.03530287742614746,0,0.09165364470150317
BUS-BRA,EfficientNetB4,Score-CAM,347,1,0.894499659538269,0.4024596903473138,0.4978086285293101,0.0953489381819963,0.7753462195396423,1,0.05355219999637696
BUS-BRA,EfficientNetB4,Grad-CAM,192,0,0.5710476636886597,0.43899995386600493,0.7103283062577249,0.27132835239172,0.1292816400527954,1,0.0
BUS-BRA,EfficientNetB4,Integrated Gradients,192,0,0.5710476636886597,0.36299889981746675,0.33213517069816584,-0.03086372911930091,-0.044283390045166016,0,0.10361914766463694
BUS-BRA,EfficientNetB4,SHAP,192,0,0.5710476636886597,0.25689690113067626,0.42597434520721433,0.16907744407653807,0.27798205614089966,1,0.1006627577986577
BUS-BRA,EfficientNetB4,Score-CAM,192,0,0.5710476636886597,0.8267512142658234,0.8789421856403351,0.052190971374511674,-0.3733257055282593,0,0.042019670151828475
BUS-BRA,EfficientNetB4,Grad-CAM,75,0,0.9740849137306213,0.6965660467743874,0.8325640633702279,0.13599801659584054,0.385261595249176,1,0.01782069278157033
BUS-BRA,EfficientNetB4,Integrated Gradients,75,0,0.9740849137306213,0.24346809089183805,0.5569619193673134,0.31349382847547536,0.6786522269248962,1,0.013153989635210696
BUS-BRA,EfficientNetB4,SHAP,75,0,0.9740849137306213,0.31813041716814033,0.42995077073574056,0.11182035356760023,0.5409542322158813,1,0.011963476909586584
BUS-BRA,EfficientNetB4,Score-CAM,75,0,0.9740849137306213,0.8763507813215257,0.8124165371060371,-0.06393424421548854,-0.019028902053833008,0,0.013208957129326921
BUS-BRA,EfficientNetB4,Grad-CAM,84,0,0.5253098011016846,0.27365532517433167,0.49469929635524745,0.2210439711809158,0.5133882164955139,1,0.0002829938486521433
BUS-BRA,EfficientNetB4,Integrated Gradients,84,0,0.5253098011016846,0.07980881184339521,0.07843722105026243,-0.0013715907931327737,0.508306622505188,1,0.10728472268682537
BUS-BRA,EfficientNetB4,SHAP,84,0,0.5253098011016846,0.11527537554502487,0.1389711260795593,0.023695750534534432,0.521623432636261,1,0.17018704538904578
BUS-BRA,EfficientNetB4,Score-CAM,84,0,0.5253098011016846,0.592844992876053,0.38794240951538084,-0.20490258336067213,0.4146788716316223,1,0.007926126919848408
BUS-BRA,EfficientNetB4,Grad-CAM,360,1,0.9682820439338684,0.44861162509769203,0.7281773075461387,0.2795656824484467,0.30301040410995483,1,0.28105901410298706
BUS-BRA,EfficientNetB4,Integrated Gradients,360,1,0.9682820439338684,0.9354762852191926,0.9534229069948196,0.017946621775627003,-0.020599722862243652,0,0.1842891448933106
BUS-BRA,EfficientNetB4,SHAP,360,1,0.9682820439338684,0.9489364564418792,0.9813320100307464,0.032395553588867254,0.015379905700683594,1,0.3436765856145021
BUS-BRA,EfficientNetB4,Score-CAM,360,1,0.9682820439338684,0.8365343362092971,0.819006496667862,-0.01752783954143511,0.13038164377212524,1,0.11435897590578345
BUS-BRA,EfficientNetB4,Grad-CAM,16,0,0.9987257122993469,0.7119300574064256,0.8178831189870834,0.10595306158065787,0.00041681528091430664,1,0.3186631402175773
BUS-BRA,EfficientNetB4,Integrated Gradients,16,0,0.9987257122993469,0.4977585211396217,0.9320872455835343,0.4343287244439126,0.21862715482711792,1,0.24249319133511116
BUS-BRA,EfficientNetB4,SHAP,16,0,0.9987257122993469,0.554203325510025,0.7241931796073915,0.16998985409736644,0.04118633270263672,1,0.1925534010167612
BUS-BRA,EfficientNetB4,Score-CAM,16,0,0.9987257122993469,0.9698060274124145,0.9082658886909485,-0.06154013872146602,0.005297958850860596,1,0.0
BUS-BRA,EfficientNetB4,Grad-CAM,66,0,0.532814621925354,0.44107922017574314,0.4470384895801544,0.0059592694044112715,-0.3219550848007202,0,0.0016555794846448767
BUS-BRA,EfficientNetB4,Integrated Gradients,66,0,0.532814621925354,0.06220511645078657,0.22959420382976525,0.16738908737897867,0.46112656593322754,1,0.06798194752473784
BUS-BRA,EfficientNetB4,SHAP,66,0,0.532814621925354,0.14325431436300276,0.13099039793014525,-0.012263916432857513,0.34278029203414917,1,0.1334077396530855
BUS-BRA,EfficientNetB4,Score-CAM,66,0,0.532814621925354,0.47710981816053394,0.5537343427538871,0.07662452459335317,0.29327088594436646,1,0.039497663482347095
BUS-BRA,EfficientNetB4,Grad-CAM,283,0,0.6991581916809082,0.789639523625374,0.6906314477324487,-0.09900807589292537,-0.22440528869628906,0,0.03422980055711154
BUS-BRA,EfficientNetB4,Integrated Gradients,283,0,0.6991581916809082,0.14072791934013368,0.3907466128468513,0.2500186935067176,0.683379054069519,1,0.151200642731277
BUS-BRA,EfficientNetB4,SHAP,283,0,0.6991581916809082,0.17461562752723694,0.3293056681752205,0.15469004064798356,0.587196409702301,1,0.2350983239856827
BUS-BRA,EfficientNetB4,Score-CAM,283,0,0.6991581916809082,0.8351497873663901,0.8716810643672943,0.036531277000904194,-0.03953397274017334,0,0.04402521449004574
BUS-BRA,EfficientNetB4,Grad-CAM,7,0,0.5178908705711365,0.6119793057441713,0.21125651597976683,-0.40072278976440445,0.1446378231048584,1,0.09089086177492653
BUS-BRA,EfficientNetB4,Integrated Gradients,7,0,0.5178908705711365,0.13044273555278774,0.35119921565055845,0.2207564800977707,0.49631989002227783,1,0.08526985096944144
BUS-BRA,EfficientNetB4,SHAP,7,0,0.5178908705711365,0.1513319909572601,0.26093737632036207,0.10960538536310196,0.3627001643180847,1,0.2627157728341636
BUS-BRA,EfficientNetB4,Score-CAM,7,0,0.5178908705711365,0.5374396055936813,0.4675794973969459,-0.06986010819673544,-0.10028302669525146,0,0.11164061792766217
BUS-BRA,EfficientNetB4,Grad-CAM,113,1,0.9569312930107117,0.6420224383473397,0.5011023741215467,-0.14092006422579306,0.18142342567443848,1,0.056014004853405
BUS-BRA,EfficientNetB4,Integrated Gradients,113,1,0.9569312930107117,0.9172850698232652,0.9785736888647079,0.06128861904144267,0.00021892786026000977,1,0.09601807394712535
BUS-BRA,EfficientNetB4,SHAP,113,1,0.9569312930107117,0.9421612918376923,0.968969875574112,0.0268085837364197,-0.017623722553253174,0,0.07551082825677209
BUS-BRA,EfficientNetB4,Score-CAM,113,1,0.9569312930107117,0.7906020984053612,0.6864841550588606,-0.1041179433465006,0.24242067337036133,1,0.08941458754782905
BUS-BRA,EfficientNetB4,Grad-CAM,116,0,0.9611972570419312,0.5402238085865974,0.798759140074253,0.2585353314876556,0.35986340045928955,1,0.388983006362053
BUS-BRA,EfficientNetB4,Integrated Gradients,116,0,0.9611972570419312,0.29300961941480635,0.653979717195034,0.36097009778022765,0.6484681367874146,1,0.32684649843456426
BUS-BRA,EfficientNetB4,SHAP,116,0,0.9611972570419312,0.2777456134557724,0.4842627733945846,0.2065171599388122,0.5312889814376831,1,0.3386917029878071
BUS-BRA,EfficientNetB4,Score-CAM,116,0,0.9611972570419312,0.8081111192703248,0.8330331444740295,0.02492202520370479,-0.010929644107818604,0,0.22623321677817534
BUS-BRA,EfficientNetB4,Grad-CAM,329,0,0.904744029045105,0.7609291583299637,0.8135373294353484,0.05260817110538474,-0.003272533416748047,0,0.1365119009583892
BUS-BRA,EfficientNetB4,Integrated Gradients,329,0,0.904744029045105,0.15925796329975128,0.416132079064846,0.2568741157650947,0.8157186508178711,1,0.09627915414755249
BUS-BRA,EfficientNetB4,SHAP,329,0,0.904744029045105,0.11816849559545517,0.29676473438739776,0.17859623879194259,0.8555231094360352,1,0.20520367355182426
BUS-BRA,EfficientNetB4,Score-CAM,329,0,0.904744029045105,0.7384860292077065,0.8229028224945067,0.0844167932868003,-0.003594338893890381,0,0.07361754838845307
BUS-BRA,EfficientNetB4,Grad-CAM,323,1,0.9964577555656433,0.7882259413599969,0.9747718304395676,0.1865458890795707,0.6591395139694214,1,0.22779911914955436
BUS-BRA,EfficientNetB4,Integrated Gradients,323,1,0.9964577555656433,0.9085839062929153,0.9874856024980544,0.0789016962051391,0.0009513497352600098,1,0.08191505969336559
BUS-BRA,EfficientNetB4,SHAP,323,1,0.9964577555656433,0.9766860097646713,0.9924582391977311,0.01577222943305978,0.0004292130470275879,1,0.27153971019771683
BUS-BRA,EfficientNetB4,Score-CAM,323,1,0.9964577555656433,0.7168147966265679,0.8919409558176994,0.1751261591911315,0.6805335283279419,1,0.2520178862496456
BUS-BRA,EfficientNetB4,Grad-CAM,274,1,0.6710652112960815,0.3844690587371587,0.28349564652889964,-0.10097341220825906,0.5733256116509438,1,0.056000380637269295
BUS-BRA,EfficientNetB4,Integrated Gradients,274,1,0.6710652112960815,0.9226774781942368,0.9101790279150009,-0.012498450279235906,-0.17329245805740356,0,0.0697377651793606
BUS-BRA,EfficientNetB4,SHAP,274,1,0.6710652112960815,0.9291103184223175,0.9276414602994919,-0.0014688581228256004,-0.252811074256897,0,0.04383159246464778
BUS-BRA,EfficientNetB4,Score-CAM,274,1,0.6710652112960815,0.5921026840806007,0.47793843522667884,-0.1141642488539219,0.22202438116073608,1,0.06371617189802903
BUS-BRA,EfficientNetB4,Grad-CAM,163,1,0.501984179019928,0.5797922082245349,0.5029021747410298,-0.0768900334835051,0.12782064080238342,1,0.19558947101338098
BUS-BRA,EfficientNetB4,Integrated Gradients,163,1,0.501984179019928,0.9368020653724671,0.8100390642881393,-0.1267630010843278,-0.46251267194747925,0,0.11238991943275799
BUS-BRA,EfficientNetB4,SHAP,163,1,0.501984179019928,0.9245966672897339,0.8007849216461181,-0.12381174564361574,-0.4293287992477417,0,0.09982936048039988
BUS-BRA,EfficientNetB4,Score-CAM,163,1,0.501984179019928,0.6207592427730562,0.7859192073345185,0.1651599645614623,-0.30610334873199463,0,9.242749601748683e-06
BUS-BRA,EfficientNetB4,Grad-CAM,110,0,0.9120553135871887,0.44840261489152916,0.6364475697278975,0.18804495483636835,0.7834509611129761,1,0.04391447755141935
BUS-BRA,EfficientNetB4,Integrated Gradients,110,0,0.9120553135871887,0.19467762857675552,0.33614314943552015,0.14146552085876463,0.6667129397392273,1,0.057615825432044514
BUS-BRA,EfficientNetB4,SHAP,110,0,0.9120553135871887,0.18331282138824465,0.34399785250425335,0.1606850311160087,0.6549724340438843,1,0.06059729846288356
BUS-BRA,EfficientNetB4,Score-CAM,110,0,0.9120553135871887,0.7408736869692802,0.8702532216906547,0.12937953472137442,-0.0722392201423645,0,0.027134610291634487
BUS-BRA,EfficientNetB4,Grad-CAM,350,0,0.8872621655464172,0.7488490030169487,0.8737284153699875,0.12487941235303879,0.0025591254234313965,1,0.16336883970814442
BUS-BRA,EfficientNetB4,Integrated Gradients,350,0,0.8872621655464172,0.17865612506866457,0.40580394417047494,0.22714781910181037,0.6880593299865723,1,0.12322487822267342
BUS-BRA,EfficientNetB4,SHAP,350,0,0.8872621655464172,0.2502079769968987,0.2820290312170982,0.03182105422019954,0.5922825932502747,1,0.12589737037552015
BUS-BRA,EfficientNetB4,Score-CAM,350,0,0.8872621655464172,0.9143973276019096,0.8228087484836578,-0.0915885791182518,-0.07607626914978027,0,0.0
BUS-BRA,EfficientNetB4,Grad-CAM,60,1,0.5937525033950806,0.4343900837004185,0.6750689938664436,0.2406789101660251,-0.1860617995262146,0,0.0786257153128281
BUS-BRA,EfficientNetB4,Integrated Gradients,60,1,0.5937525033950806,0.7638063937425613,0.8451911002397536,0.08138470649719232,-0.3939378261566162,0,0.10811906844231764
BUS-BRA,EfficientNetB4,SHAP,60,1,0.5937525033950806,0.8884683340787889,0.9338000118732451,0.04533167779445624,-0.34828197956085205,0,0.19150222971996517
BUS-BRA,EfficientNetB4,Score-CAM,60,1,0.5937525033950806,0.7406192362308504,0.38399453926831484,-0.3566246969625355,0.39597904682159424,1,0.10660312045535092
BUS-BRA,EfficientNetB4,Grad-CAM,157,0,0.7924820780754089,0.560311494767666,0.7102153688669206,0.14990387409925465,-0.09043020009994507,0,0.04501413501300004
BUS-BRA,EfficientNetB4,Integrated Gradients,157,0,0.7924820780754089,0.3378530964255332,0.49417723566293714,0.15632413923740396,0.3545483946800232,1,0.04939083365646408
BUS-BRA,EfficientNetB4,SHAP,157,0,0.7924820780754089,0.1973482295870781,0.5478449046611786,0.35049667507410054,0.462993860244751,1,0.03645771755928685
BUS-BRA,EfficientNetB4,Score-CAM,157,0,0.7924820780754089,0.9100151240825655,0.7562173783779145,-0.153797745704651,-0.145501971244812,0,0.0
BUS-BRA,EfficientNetB4,Grad-CAM,321,1,0.8895002007484436,0.2906627675518393,0.44803801625967027,0.15737524870783098,0.7880135178565979,1,0.06586992268578314
BUS-BRA,EfficientNetB4,Integrated Gradients,321,1,0.8895002007484436,0.8844979763031006,0.9313671529293059,0.04686917662620538,-0.08044636249542236,0,0.06279627600860954
BUS-BRA,EfficientNetB4,SHAP,321,1,0.8895002007484436,0.952522787451744,0.9570343822240831,0.004511594772339089,-0.061803996562957764,0,0.09563949408799521
BUS-BRA,EfficientNetB4,Score-CAM,321,1,0.8895002007484436,0.7675917387008666,0.4984369792044163,-0.2691547594964503,0.07463079690933228,1,0.03724834423032842
BUS-BRA,EfficientNetB4,Grad-CAM,222,0,0.9707124829292297,0.6340363085269929,0.8691807508468629,0.23514444231986997,0.06979739665985107,1,0.11418709215215596
BUS-BRA,EfficientNetB4,Integrated Gradients,222,0,0.9707124829292297,0.19809935241937635,0.5145335644483566,0.31643421202898026,0.7434147000312805,1,0.10444725374522336
BUS-BRA,EfficientNetB4,SHAP,222,0,0.9707124829292297,0.2787918642163277,0.5772500410676001,0.29845817685127246,0.36817675828933716,1,0.14113337315833477
BUS-BRA,EfficientNetB4,Score-CAM,222,0,0.9707124829292297,0.7698606014251709,0.6463537991046905,-0.12350680232048039,-0.011313676834106445,0,0.000784055251217033
BUS-BRA,EfficientNetB4,Grad-CAM,227,0,0.9381619095802307,0.7941092133522035,0.7395204797387124,-0.05458873361349115,0.011779308319091797,1,0.14180279777793717
BUS-BRA,EfficientNetB4,Integrated Gradients,227,0,0.9381619095802307,0.3824166253209114,0.5181905195116997,0.13577389419078828,0.5849044919013977,1,0.10570523061705984
BUS-BRA,EfficientNetB4,SHAP,227,0,0.9381619095802307,0.460127592086792,0.4518201991915702,-0.00830739289522181,0.3596813678741455,1,0.0747585721472899
BUS-BRA,EfficientNetB4,Score-CAM,227,0,0.9381619095802307,0.6870228499174119,0.8515934467315673,0.16457059681415542,0.016319870948791504,1,0.0
BUS-BRA,EfficientNetB4,Grad-CAM,141,0,0.8159788846969604,0.7800294488668441,0.6598623782396317,-0.12016707062721244,-0.033376991748809814,0,0.02089460383462449
BUS-BRA,EfficientNetB4,Integrated Gradients,141,0,0.8159788846969604,0.29149921983480453,0.5956314355134964,0.30413221567869186,0.25846773386001587,1,0.06351743955159246
BUS-BRA,EfficientNetB4,SHAP,141,0,0.8159788846969604,0.24509267359972,0.5986729502677917,0.3535802766680717,0.4962765574455261,1,0.060161938609417424
BUS-BRA,EfficientNetB4,Score-CAM,141,0,0.8159788846969604,0.7629352629184722,0.8357651710510252,0.07282990813255297,0.054042696952819824,1,0.05973375953937473
BUS-BRA,EfficientNetB4,Grad-CAM,17,0,0.9110617637634277,0.43942310661077505,0.5849278643727301,0.1455047577619551,0.7236772179603577,1,0.07535164431683682
BUS-BRA,EfficientNetB4,Integrated Gradients,17,0,0.9110617637634277,0.3049233406782151,0.7803904831409455,0.4754671424627304,0.30264294147491455,1,0.08605421540393021
BUS-BRA,EfficientNetB4,SHAP,17,0,0.9110617637634277,0.2671606302261353,0.5056754723191261,0.23851484209299084,0.5502922534942627,1,0.12430963545725901
BUS-BRA,EfficientNetB4,Score-CAM,17,0,0.9110617637634277,0.5345768257975577,0.7461168304085731,0.2115400046110154,0.039588212966918945,1,0.08542748401379634
BUS-BRA,EfficientNetB4,Grad-CAM,246,0,0.9920331835746765,0.6677460581064225,0.9154273614287375,0.24768130332231497,-0.0032050013542175293,0,0.045047432442852565
BUS-BRA,EfficientNetB4,Integrated Gradients,246,0,0.9920331835746765,0.4775864660739898,0.8000506669282913,0.3224642008543015,0.15736323595046997,1,0.035269117388591543
BUS-BRA,EfficientNetB4,SHAP,246,0,0.9920331835746765,0.4985559090971946,0.6740447759628296,0.17548886686563503,0.2336176037788391,1,0.025817740610422996
BUS-BRA,EfficientNetB4,Score-CAM,246,0,0.9920331835746765,0.8931786298751833,0.734009376168251,-0.15916925370693225,0.0017233490943908691,1,0.0
BUS-BRA,EfficientNetB4,Grad-CAM,24,1,0.8405798673629761,0.5621910125017167,0.7750024348497391,0.21281142234802242,0.2933769226074219,1,0.06468034785021366
BUS-BRA,EfficientNetB4,Integrated Gradients,24,1,0.8405798673629761,0.9282127022743225,0.7443582862615585,-0.18385441601276398,-0.13241541385650635,0,0.08303084277748533
BUS-BRA,EfficientNetB4,SHAP,24,1,0.8405798673629761,0.9348904848098754,0.9439141482114791,0.009023663401603765,-0.10996919870376587,0,0.11551531774373223
BUS-BRA,EfficientNetB4,Score-CAM,24,1,0.8405798673629761,0.7521610170602798,0.7047849670052528,-0.047376050055026986,0.21197408437728882,1,0.03120179972099473
BUS-BRA,EfficientNetB4,Grad-CAM,202,1,0.6523831486701965,0.49265647381544114,0.36940697729587546,-0.12324949651956568,0.1639156937599182,1,0.1343261704885427
BUS-BRA,EfficientNetB4,Integrated Gradients,202,1,0.6523831486701965,0.8314906656742096,0.8698463201522827,0.0383556544780731,-0.19827109575271606,0,0.10648915598861765
BUS-BRA,EfficientNetB4,SHAP,202,1,0.6523831486701965,0.8141294479370117,0.8556266963481904,0.041497248411178744,-0.2201228141784668,0,0.07762580785248628
BUS-BRA,EfficientNetB4,Score-CAM,202,1,0.6523831486701965,0.7122267574071883,0.5071705490350723,-0.20505620837211602,-0.28025364875793457,0,0.006957923798335501
BUS-BRA,EfficientNetB4,Grad-CAM,325,0,0.8341950178146362,0.2612583056092262,0.7198433846235275,0.4585850790143013,0.6086470484733582,1,0.12151436150333542
BUS-BRA,EfficientNetB4,Integrated Gradients,325,0,0.8341950178146362,0.18279659003019333,0.4834981232881546,0.3007015332579613,0.4903988242149353,1,0.17898557916509156
BUS-BRA,EfficientNetB4,SHAP,325,0,0.8341950178146362,0.20107631236314777,0.49961807578802114,0.2985417634248734,0.5177090167999268,1,0.2540442996188057
BUS-BRA,EfficientNetB4,Score-CAM,325,0,0.8341950178146362,0.6770637065172196,0.5501581951975822,-0.12690551131963734,0.03084510564804077,1,0.034360494697437766
BUS-BRA,EfficientNetB4,Grad-CAM,363,0,0.9058443307876587,0.6100467786192894,0.9138901859521865,0.30384340733289716,0.23623192310333252,1,0.01467559084452712
BUS-BRA,EfficientNetB4,Integrated Gradients,363,0,0.9058443307876587,0.3017737582325935,0.7454496249556541,0.44367586672306064,0.5122781991958618,1,0.019512111722762793
BUS-BRA,EfficientNetB4,SHAP,363,0,0.9058443307876587,0.3756316095590592,0.5032708838582038,0.12763927429914462,0.29179441928863525,1,0.0033566914653825343
BUS-BRA,EfficientNetB4,Score-CAM,363,0,0.9058443307876587,0.795315547287464,0.7143334582448005,-0.08098208904266346,0.008955121040344238,1,0.0
BUS-BRA,EfficientNetB4,Grad-CAM,258,0,0.8395740985870361,0.22109325975179675,0.5908162593841553,0.36972299963235855,0.536148190498352,1,0.015402913097070653
BUS-BRA,EfficientNetB4,Integrated Gradients,258,0,0.8395740985870361,0.20478782206773757,0.41934898495674133,0.21456116288900376,0.4986828565597534,1,0.03863371012135599
BUS-BRA,EfficientNetB4,SHAP,258,0,0.8395740985870361,0.24229426831007003,0.39591973721981044,0.1536254689097404,0.39008259773254395,1,0.041798549121793316
BUS-BRA,EfficientNetB4,Score-CAM,258,0,0.8395740985870361,0.37908335179090497,0.7947756871581078,0.4156923353672028,0.4524243474006653,1,0.00431588217735993
BUS-BRA,EfficientNetB4,Grad-CAM,140,1,0.880516529083252,0.30202818978577856,0.5120318703353404,0.2100036805495618,0.237953782081604,1,0.26987541151627487
BUS-BRA,EfficientNetB4,Integrated Gradients,140,1,0.880516529083252,0.8906055271625518,0.9169542461633682,0.026348719000816367,-0.10451233386993408,0,0.189823620727361
BUS-BRA,EfficientNetB4,SHAP,140,1,0.880516529083252,0.8964419186115264,0.876439330726862,-0.02000258788466447,-0.1125267744064331,0,0.16784703475383544
BUS-BRA,EfficientNetB4,Score-CAM,140,1,0.880516529083252,0.44549517594277854,0.7097803801298141,0.2642852041870356,-0.07236635684967041,0,0.21903605870169787
BUS-BRA,EfficientNetB4,Grad-CAM,349,1,0.9521896243095398,0.509044985845685,0.5819192867726088,0.07287430092692382,0.6416556239128113,1,0.08146854568258236
BUS-BRA,EfficientNetB4,Integrated Gradients,349,1,0.9521896243095398,0.9815205216407775,0.9632666140794754,-0.018253907561302074,-0.04555004835128784,0,0.0882687622013478
BUS-BRA,EfficientNetB4,SHAP,349,1,0.9521896243095398,0.957996952533722,0.9028501331806184,-0.055146819353103615,-0.04100322723388672,0,0.0785716488919362
BUS-BRA,EfficientNetB4,Score-CAM,349,1,0.9521896243095398,0.47107800021767615,0.6922215044498443,0.22114350423216816,0.8377597257494926,1,0.0877420396202014
BUS-BRA,EfficientNetB4,Grad-CAM,234,0,0.9873452186584473,0.7222768083214761,0.8431920990347861,0.12091529071330998,0.03688138723373413,1,0.029939297247970717
BUS-BRA,EfficientNetB4,Integrated Gradients,234,0,0.9873452186584473,0.2903944879770279,0.6060107961297035,0.31561630815267566,0.3385127782821655,1,0.03493456082456452
BUS-BRA,EfficientNetB4,SHAP,234,0,0.9873452186584473,0.26777754724025726,0.5033353343605995,0.23555778712034225,0.32903414964675903,1,0.016845618054619576
BUS-BRA,EfficientNetB4,Score-CAM,234,0,0.9873452186584473,0.8080594778060912,0.7475322648882867,-0.060527212917804496,0.022832393646240234,1,0.0
BUS-BRA,EfficientNetB4,Grad-CAM,367,0,0.852401077747345,0.6174841463565826,0.8155162408947945,0.1980320945382119,0.020039618015289307,1,0.019068570771254453
BUS-BRA,EfficientNetB4,Integrated Gradients,367,0,0.852401077747345,0.20126175731420518,0.4468976974487305,0.2456359401345253,0.5300644636154175,1,0.02565557764950972
BUS-BRA,EfficientNetB4,SHAP,367,0,0.852401077747345,0.24674616605043412,0.2730806320905685,0.02633446604013437,0.3891914486885071,1,0.02349662979451806
BUS-BRA,EfficientNetB4,Score-CAM,367,0,0.852401077747345,0.8421531096100807,0.7198447808623313,-0.12230832874774944,-0.0735393762588501,0,0.0006473929775097983
BUS-BRA,EfficientNetB4,Grad-CAM,301,0,0.923601508140564,0.37380621284246446,0.8056278139352798,0.43182160109281537,0.2571393847465515,1,0.04307065775322878
BUS-BRA,EfficientNetB4,Integrated Gradients,301,0,0.923601508140564,0.2538809433579445,0.5263856962323188,0.2725047528743743,0.7836618423461914,1,0.022656777286271877
BUS-BRA,EfficientNetB4,SHAP,301,0,0.923601508140564,0.08038575649261473,0.32255120426416395,0.24216544777154922,0.8877421617507935,1,0.07767571258544924
BUS-BRA,EfficientNetB4,Score-CAM,301,0,0.923601508140564,0.5142901286482812,0.5426065385341644,0.028316409885883242,-0.04549974203109741,0,0.0
BUS-BRA,EfficientNetB4,Grad-CAM,334,1,0.6280727982521057,0.34587422348558894,0.40794583279639485,0.06207160931080591,-0.06787538528442383,0,0.0222664932296071
BUS-BRA,EfficientNetB4,Integrated Gradients,334,1,0.6280727982521057,0.9099532514810563,0.7406020000576973,-0.16935125142335905,-0.30601727962493896,0,0.06464581314285368
BUS-BRA,EfficientNetB4,SHAP,334,1,0.6280727982521057,0.9019410908222198,0.7771367579698562,-0.1248043328523637,-0.2871101498603821,0,0.05414925719487312
BUS-BRA,EfficientNetB4,Score-CAM,334,1,0.6280727982521057,0.3538599032908678,0.48936518914997573,0.13550528585910793,0.10054051876068115,1,0.005610383762279521
BUS-BRA,EfficientNetB4,Grad-CAM,271,0,0.9602674841880798,0.5363272920250892,0.8732084855437279,0.33688119351863866,0.3126292824745178,1,0.06936511800177447
BUS-BRA,EfficientNetB4,Integrated Gradients,271,0,0.9602674841880798,0.14918695241212845,0.6251042529940605,0.47591730058193205,0.8670821785926819,1,0.026562169031558388
BUS-BRA,EfficientNetB4,SHAP,271,0,0.9602674841880798,0.15489136129617692,0.402984270453453,0.24809290915727605,0.680681049823761,1,0.04024167391520945
BUS-BRA,EfficientNetB4,Score-CAM,271,0,0.9602674841880798,0.8332053214311599,0.47474445104598995,-0.35846087038516994,0.07644981145858765,1,0.0
BUS-BRA,EfficientNetB4,Grad-CAM,172,0,0.8611578941345215,0.8430785775184632,0.7406016975641251,-0.10247687995433807,0.10837018489837646,1,0.09945530613901825
BUS-BRA,EfficientNetB4,Integrated Gradients,172,0,0.8611578941345215,0.3163039192557334,0.457634025812149,0.1413301065564156,0.5075483322143555,1,0.20164136065917265
BUS-BRA,EfficientNetB4,SHAP,172,0,0.8611578941345215,0.22018721550703046,0.6079177573323249,0.38773054182529443,0.7414904832839966,1,0.09767066880690208
BUS-BRA,EfficientNetB4,Score-CAM,172,0,0.8611578941345215,0.8224118068814277,0.8772542834281921,0.05484247654676444,-0.07591116428375244,0,0.000938218768167658
BUS-BRA,EfficientNetB4,Grad-CAM,196,0,0.957805335521698,0.8538964331150055,0.8977134913206102,0.043817058205604664,-0.009386062622070312,0,0.08492677140132285
BUS-BRA,EfficientNetB4,Integrated Gradients,196,0,0.957805335521698,0.4098003983497619,0.5762316554784774,0.16643125712871554,0.23297852277755737,1,0.1840629411327777
BUS-BRA,EfficientNetB4,SHAP,196,0,0.957805335521698,0.3403236046433448,0.618219545483589,0.2778959408402442,0.5128235816955566,1,0.1347559079110389
BUS-BRA,EfficientNetB4,Score-CAM,196,0,0.957805335521698,0.8477676078677177,0.8305554419755935,-0.017212165892124154,-0.020526647567749023,0,0.2006225042727707
BUS-BRA,EfficientNetB4,Grad-CAM,19,1,0.9120815992355347,0.6341688230633736,0.5600185234099626,-0.07415029965341102,0.22122520208358765,1,0.39678119970020786
BUS-BRA,EfficientNetB4,Integrated Gradients,19,1,0.9120815992355347,0.8203301385045053,0.9384071350097656,0.11807699650526027,-0.08192455768585205,0,0.2752897198857992
BUS-BRA,EfficientNetB4,SHAP,19,1,0.9120815992355347,0.8999433457851411,0.9584991127252579,0.05855576694011677,-0.03457605838775635,0,0.3500776334310495
BUS-BRA,EfficientNetB4,Score-CAM,19,1,0.9120815992355347,0.7240003734827043,0.6424436181783676,-0.0815567553043367,0.010444700717926025,1,0.12034873668268281
BUS-BRA,EfficientNetB4,Grad-CAM,356,0,0.8734276294708252,0.36605671644210813,0.7638351902365684,0.3977784737944603,0.4627992510795593,1,0.03689155524210099
BUS-BRA,EfficientNetB4,Integrated Gradients,356,0,0.8734276294708252,0.12823223173618317,0.6176819100975991,0.48944967836141595,0.836378276348114,1,0.065590471074189
BUS-BRA,EfficientNetB4,SHAP,356,0,0.8734276294708252,0.12731862664222718,0.49257386624813077,0.36525523960590356,0.7394346594810486,1,0.034314506760578546
BUS-BRA,EfficientNetB4,Score-CAM,356,0,0.8734276294708252,0.7761078894138336,0.6473470807075502,-0.12876080870628337,-0.07878988981246948,0,0.009721033588382945
BUS-BRA,EfficientNetB4,Grad-CAM,79,0,0.9201242923736572,0.5363803327083587,0.6744469806551933,0.13806664794683454,0.8772493004798889,1,0.01856573286613308
BUS-BRA,EfficientNetB4,Integrated Gradients,79,0,0.9201242923736572,0.20530710220336912,0.7066250085830688,0.5013179063796996,0.6737324595451355,1,0.04189600755313722
BUS-BRA,EfficientNetB4,SHAP,79,0,0.9201242923736572,0.2500072494149208,0.5857525616884232,0.33574531227350235,0.4766278862953186,1,0.03061031239799577
BUS-BRA,EfficientNetB4,Score-CAM,79,0,0.9201242923736572,0.8428961545228957,0.6707350686192514,-0.17216108590364432,0.10018926858901978,1,0.01592421103441794
BUS-BRA,EfficientNetB4,Grad-CAM,167,0,0.9880431294441223,0.6672380074858665,0.8802766740322113,0.21303866654634485,0.007498979568481445,1,0.04581253741448534
BUS-BRA,EfficientNetB4,Integrated Gradients,167,0,0.9880431294441223,0.31951859146356587,0.6601942837238312,0.3406756922602653,0.4083864688873291,1,0.031021067582787748
BUS-BRA,EfficientNetB4,SHAP,167,0,0.9880431294441223,0.3673671811819076,0.6350583374500274,0.2676911562681198,0.30381840467453003,1,0.024749320135897306
BUS-BRA,EfficientNetB4,Score-CAM,167,0,0.9880431294441223,0.6970395430922508,0.48920109272003176,-0.20783845037221904,0.022650599479675293,1,0.0
BUS-BRA,EfficientNetB4,Grad-CAM,18,0,0.7750891447067261,0.44078721851110453,0.5812434270977974,0.1404562085866929,0.678250253200531,1,0.003496081250600063
BUS-BRA,EfficientNetB4,Integrated Gradients,18,0,0.7750891447067261,0.17816568166017532,0.41027317643165584,0.23210749477148052,0.6445162296295166,1,0.12425052441299038
BUS-BRA,EfficientNetB4,SHAP,18,0,0.7750891447067261,0.2704176411032677,0.1883564308285713,-0.08206121027469643,0.41138792037963867,1,0.22730048824883936
BUS-BRA,EfficientNetB4,Score-CAM,18,0,0.7750891447067261,0.4582182034850121,0.6647031158208847,0.20648491233587263,-0.012195587158203125,0,0.11347990301696602
BUS-BRA,EfficientNetB4,Grad-CAM,198,0,0.7659739851951599,0.22095201462507252,0.28167779594659803,0.06072578132152551,0.6367416381835938,1,0.007005781980371874
BUS-BRA,EfficientNetB4,Integrated Gradients,198,0,0.7659739851951599,0.25748921036720274,0.35664840638637546,0.09915919601917272,0.38450855016708374,1,0.07027980392032938
BUS-BRA,EfficientNetB4,SHAP,198,0,0.7659739851951599,0.2829548612236977,0.31445015370845797,0.031495292484760296,0.32242316007614136,1,0.04052686591833625
BUS-BRA,EfficientNetB4,Score-CAM,198,0,0.7659739851951599,0.7742428407073022,0.7146014645695686,-0.05964137613773357,-0.2112109661102295,0,0.02343868995873282
BUS-BRA,EfficientNetB4,Grad-CAM,104,0,0.9083881378173828,0.6315645053982735,0.7565582841634749,0.12499377876520146,0.07184439897537231,1,0.03738793095209744
BUS-BRA,EfficientNetB4,Integrated Gradients,104,0,0.9083881378173828,0.3215694516897201,0.5105454623699188,0.1889760106801987,0.13640516996383667,1,0.016772111601768655
BUS-BRA,EfficientNetB4,SHAP,104,0,0.9083881378173828,0.2743601813912392,0.6867525324225425,0.41239235103130334,0.46908897161483765,1,0.013181990261325383
BUS-BRA,EfficientNetB4,Score-CAM,104,0,0.9083881378173828,0.8559092044830322,0.8627365842461586,0.006827379763126418,-0.07561051845550537,0,0.007046842265381616
